{
 "schema_version": "v0.0",
 "front": {
  "editor": {
   "name": "CodeMirror",
   "options": {
    "mode": {
     "name": "python",
     "singleLineStringErrors": true
    }
   }
  },
  "rejection": {
   "reject_initial_source": true
  },
  "initial_source": "def find_nearest(iterable, key):\n    ..."
 },
 "judge": {
  "preprocess": {
   "rename": "submission.py"
  },
  "environment": {
   "name": "python__anaconda3-2020.02",
   "version": ""
  },
  "sandbox": {
   "name": "Firejail",
   "options": {
    "cpu_limit": 1,
    "memory_limit": "256MiB",
    "network_limit": "disable"
   }
  },
  "evaluation_dag": {
   "initial_state": "is_valid_submission",
   "states": {
    "is_valid_submission": {
     "runner": {
      "name": "test_runner_py37_unittest.py",
      "version": "",
      "options": {
       "evaluation_style": "append"
      }
     },
     "time_limit": 2,
     "require_files": [
      ".judge/judge_util.py"
     ],
     "result_aggregation": {
      "grade": "min"
     },
     "transitions": [
      [
       [
        "$forall",
        [
         "CO",
         "CS"
        ]
       ],
       "given"
      ]
     ]
    },
    "given": {
     "runner": {
      "name": "test_runner_py37_unittest.py",
      "version": "",
      "options": {
       "evaluation_style": "append"
      }
     },
     "time_limit": 2,
     "require_files": [
      ".judge/judge_util.py"
     ],
     "result_aggregation": {
      "grade": "min"
     },
     "transitions": [
      [
       [
        "$forall",
        [
         "CO",
         "CS"
        ]
       ],
       "additional"
      ]
     ]
    },
    "additional": {
     "runner": {
      "name": "test_runner_py37_unittest.py",
      "version": "",
      "options": {
       "evaluation_style": "append"
      }
     },
     "time_limit": 2,
     "require_files": [
      ".judge/judge_util.py"
     ],
     "result_aggregation": {
      "grade": "min"
     },
     "transitions": [
      [
       true,
       "accept"
      ]
     ]
    }
   },
   "result_aggregation": {
    "grade": "min"
   }
  }
 },
 "metadata": {
  "name": "ex1-1-find_nearest",
  "version": "5806dd2c67183c5313e785088add674f76304e41"
 }
}