{
 "schema_version": "v0.0",
 "metadata": {
  "name": "ex1-3-find_nearest_str",
  "version": "555cfbb3aa4178491481c6847512b97f1f89b995"
 },
 "front": {
  "initial_source": "QUESTION_EXISTS = False # 質問がある場合は True にしてコメントに質問を記述\n\ndef find_nearest_str(iterable, key):\n    ...",
  "editor": {
   "name": "CodeMirror",
   "options": {
    "mode": {
     "name": "python",
     "singleLineStringErrors": true
    }
   }
  },
  "rejection": {
   "reject_initial_source": true
  }
 },
 "judge": {
  "preprocess": {
   "rename": "submission.py"
  },
  "environment": {
   "name": "python__anaconda3-2021.05",
   "version": ""
  },
  "sandbox": {
   "name": "Firejail",
   "options": {
    "cpu_limit": 1,
    "memory_limit": "256MiB",
    "network_limit": "disable"
   }
  },
  "evaluation_dag": {
   "initial_state": "precheck",
   "states": {
    "precheck": {
     "runner": {
      "name": "test_runner_py37_unittest_v2.py",
      "version": "",
      "options": {
       "evaluation_style": "append"
      }
     },
     "time_limit": 2,
     "require_files": [
      ".judge/judge_util.py"
     ],
     "result_aggregation": {
      "grade": "min"
     },
     "transitions": [
      [
       [
        "$forall",
        [
         "pass"
        ]
       ],
       "given"
      ]
     ]
    },
    "given": {
     "runner": {
      "name": "test_runner_py37_unittest_v2.py",
      "version": "",
      "options": {
       "evaluation_style": "append"
      }
     },
     "time_limit": 2,
     "require_files": [
      ".judge/judge_util.py"
     ],
     "result_aggregation": {
      "grade": "min"
     },
     "transitions": [
      [
       [
        "$forall",
        [
         "pass"
        ]
       ],
       "hidden"
      ]
     ]
    },
    "hidden": {
     "runner": {
      "name": "test_runner_py37_unittest_v2.py",
      "version": "",
      "options": {
       "evaluation_style": "append"
      }
     },
     "time_limit": 2,
     "require_files": [
      ".judge/judge_util.py"
     ],
     "result_aggregation": {
      "grade": "min"
     },
     "transitions": [
      [
       [
        "$forall",
        [
         "pass"
        ]
       ],
       "accept"
      ]
     ]
    }
   },
   "result_aggregation": {
    "grade": "min"
   }
  }
 }
}